"time","x","y","der(x)","der(y)"
0,1,2,-4,1
0.002,0.9919960137262172,2.001991996574912,-4.003983993149824,0.9919960137262172
0.004,0.9839841098705105,2.003967972736159,-4.007935945472317,0.9839841098705105
0.006,0.9759643516381195,2.005927913003621,-4.011855826007243,0.9759643516381195
0.008,0.9679368796977414,2.007871783448827,-4.015743566897654,0.9679368796977414
0.01,0.9599016627805662,2.009799591617404,-4.019599183234807,0.9599016627805662
0.012,0.9518587572578648,2.01171132415248,-4.023422648304961,0.9518587572578648
0.014,0.9438083277934105,2.013606942037861,-4.027213884075722,0.9438083277934105
0.016,0.9357502786021288,2.015486467969303,-4.030972935938607,0.9357502786021288
0.018,0.9276847333895537,2.017349873142185,-4.03469974628437,0.9276847333895537
0.02,0.9196118580778238,2.019197118921819,-4.038394237843638,0.9196118580778238
0.022,0.9115315383349948,2.021028231930203,-4.042056463860407,0.9115315383349948
0.024,0.9034439525071981,2.022843171647334,-4.045686343294667,0.9034439525071981
0.026,0.8953491982177957,2.02464191589331,-4.04928383178662,0.8953491982177957
0.028,0.8872471811496134,2.02642448609687,-4.05284897219374,0.8872471811496134
0.03,0.8791380633619386,2.028190846858122,-4.056381693716244,0.8791380633619386
0.032,0.8710219332683983,2.029940978864177,-4.059881957728354,0.8710219332683983
0.034,0.8628988108668404,2.031674877746748,-4.063349755493497,0.8628988108668404
0.036,0.8547687553080203,2.033392530585068,-4.066785061170135,0.8547687553080203
0.038,0.8466318257426936,2.035093924458367,-4.070187848916734,0.8466318257426936
0.04,0.8384880814114273,2.036779046431072,-4.073558092862145,0.8384880814114273
0.042,0.8303376446453434,2.038447873165388,-4.076895746330776,0.8303376446453434
0.044,0.8221805453919402,2.04010039655551,-4.080200793111021,0.8221805453919402
0.046,0.8140168487129169,2.04173660270609,-4.083473205412179,0.8140168487129169
0.048,0.805846619669973,2.043356477721776,-4.086712955443552,0.805846619669973
0.05,0.797669923324808,2.044960007707219,-4.089920015414439,0.797669923324808
0.052,0.789486833819441,2.046547179210608,-4.093094358421217,0.789486833819441
0.054,0.7812974403858305,2.048117979517215,-4.09623595903443,0.7812974403858305
0.056,0.7731017936687744,2.049672394027481,-4.099344788054961,0.7731017936687744
0.058,0.7648999614197826,2.051210408977442,-4.102420817954885,0.7648999614197826
0.06,0.7566920113903645,2.052732010603137,-4.105464021206274,0.7566920113903645
0.062,0.7484780113320301,2.054237185140601,-4.108474370281202,0.7484780113320301
0.064,0.7402580275062062,2.055725926216929,-4.111451852433858,0.7402580275062062
0.066,0.732032127005635,2.05719822333575,-4.114396446671501,0.732032127005635
0.068,0.7238003782271702,2.058654059532093,-4.117308119064186,0.7238003782271702
0.07000000000000001,0.7155628487160243,2.060093422065262,-4.120186844130524,0.7155628487160243
0.07199999999999999,0.7073196060174093,2.061516298194563,-4.123032596389126,0.7073196060174093
0.074,0.6990707176765378,2.062922675179301,-4.125845350358603,0.6990707176765378
0.076,0.6908162258866068,2.064312564886354,-4.128625129772708,0.6908162258866068
0.078,0.6825562059557709,2.065685947040035,-4.131371894080071,0.6825562059557709
0.08,0.6742907264434922,2.067042807915187,-4.134085615830375,0.6742907264434922
0.082,0.6660198527066714,2.068383136895168,-4.136766273790335,0.6660198527066714
0.08400000000000001,0.6577436501022098,2.069706923363333,-4.139413846726667,0.6577436501022098
0.08599999999999999,0.6494621839870081,2.071014156703046,-4.142028313406091,0.6494621839870081
0.08799999999999999,0.6411755197179675,2.072304826297661,-4.144609652595322,0.6411755197179675
0.09,0.632883722651989,2.073578921530539,-4.147157843061079,0.632883722651989
0.092,0.6245868581459734,2.074836431785039,-4.149672863570078,0.6245868581459734
0.094,0.6162849915568218,2.076077346444519,-4.152154692889039,0.6162849915568218
0.096,0.6079781882414352,2.077301654892338,-4.154603309784675,0.6079781882414352
0.098,0.5996665298081828,2.078509347988638,-4.157018695977277,0.5996665298081828
0.1,0.5913500945122147,2.079700416288853,-4.159400832577705,0.5913500945122147
0.102,0.5830289304015829,2.080874847603472,-4.161749695206943,0.5830289304015829
0.104,0.5747031039139696,2.082032631414064,-4.164065262828129,0.5747031039139696
0.106,0.5663726814870562,2.083173757202202,-4.166347514404404,0.5663726814870562
0.108,0.5580377295585245,2.084298214449454,-4.168596428898908,0.5580377295585245
0.11,0.549698314566056,2.085405992637391,-4.170811985274781,0.549698314566056
0.112,0.5413545029473328,2.086497081247582,-4.172994162495163,0.5413545029473328
0.114,0.5330063611400362,2.087571469761598,-4.175142939523195,0.5330063611400362
0.116,0.5246539555818482,2.088629147661008,-4.177258295322017,0.5246539555818482
0.118,0.5162973535751495,2.089670112856413,-4.179340225712827,0.5162973535751495
0.12,0.5079366266501955,2.090694404471455,-4.18138880894291,0.5079366266501955
0.122,0.4995718371033259,2.091701971618174,-4.183403943236349,0.4995718371033259
0.124,0.4912030515259355,2.092692805276527,-4.185385610553054,0.4912030515259355
0.126,0.4828303365094191,2.093666896426471,-4.187333792852941,0.4828303365094191
0.128,0.4744537586451719,2.094624236047959,-4.189248472095918,0.4744537586451719
0.13,0.4660733845245885,2.095564815120949,-4.191129630241898,0.4660733845245885
0.132,0.4576892807390637,2.096488624625397,-4.192977249250794,0.4576892807390637
0.134,0.4493015138799927,2.097395655541258,-4.194791311082516,0.4493015138799927
0.136,0.4409101505387702,2.098285898848489,-4.196571797696978,0.4409101505387702
0.138,0.432515257306791,2.099159345527045,-4.198318691054091,0.432515257306791
0.14,0.4241169130611797,2.100016033904797,-4.200032067809595,0.4241169130611797
0.142,0.4157151777826869,2.100855929484972,-4.201711858969944,0.4157151777826869
0.144,0.4073101167296807,2.101679018110179,-4.203358036220357,0.4073101167296807
0.146,0.3989017968509861,2.102485292137872,-4.204970584275744,0.3989017968509861
0.148,0.3904902850954283,2.103274743925506,-4.206549487851012,0.3904902850954283
0.15,0.3820756484118321,2.104047365830535,-4.20809473166107,0.3820756484118321
0.152,0.3736579537490224,2.104803150210414,-4.209606300420828,0.3736579537490224
0.154,0.3652372680558245,2.105542089422596,-4.211084178845192,0.3652372680558245
0.156,0.356813658281063,2.106264175824534,-4.212528351649069,0.356813658281063
0.158,0.3483871913735632,2.106969401773685,-4.213938803547371,0.3483871913735632
0.16,0.339957941202083,2.107657790843439,-4.215315581686879,0.339957941202083
0.162,0.3315259755553582,2.108329339180104,-4.216658678360208,0.3315259755553582
0.164,0.3230913573298203,2.108984020860714,-4.217968041721429,0.3230913573298203
0.166,0.3146541537868124,2.1096218296525,-4.219243659305,0.3146541537868124
0.168,0.3062144321876779,2.110242759322692,-4.220485518645384,0.3062144321876779
0.17,0.2977722597937598,2.110846803638518,-4.221693607277037,0.2977722597937598
0.172,0.2893277038664017,2.111433956367209,-4.222867912734418,0.2893277038664017
0.174,0.2808808316669466,2.112004211275992,-4.224008422551985,0.2808808316669466
0.176,0.2724317104567379,2.1125575621321,-4.2251151242642,0.2724317104567379
0.178,0.2639804074971188,2.11309400270276,-4.226188005405521,0.2639804074971188
0.18,0.2555269928036123,2.113613541888359,-4.227227083776719,0.2555269928036123
0.182,0.247071539299108,2.114116204564144,-4.228232409128287,0.247071539299108
0.184,0.2386141087835243,2.114601954488916,-4.229203908977832,0.2386141087835243
0.186,0.230154768773363,2.115070786831904,-4.230141573663808,0.230154768773363
0.188,0.2216935867851257,2.115522696762334,-4.231045393524669,0.2216935867851257
0.19,0.2132306303353142,2.115957679449434,-4.231915358898869,0.2132306303353142
0.192,0.2047659669404302,2.11637573006243,-4.23275146012486,0.2047659669404302
0.194,0.1962996641169756,2.11677684377055,-4.233553687541099,0.1962996641169756
0.196,0.1878317893814518,2.11716101574302,-4.234322031486039,0.1878317893814518
0.198,0.1793624102503608,2.117528241149067,-4.235056482298134,0.1793624102503608
0.2,0.1708915942724331,2.117878515456206,-4.235757030912413,0.1708915942724331
0.202,0.1624194133540499,2.11821187446354,-4.23642374892708,0.1624194133540499
0.204,0.1539459321448273,2.11852828680626,-4.237056573612521,0.1539459321448273
0.206,0.1454712183941181,2.118827749808717,-4.237655499617435,0.1454712183941181
0.208,0.1369953398650248,2.11911026092251,-4.238220521845021,0.1369953398650248
0.21,0.1285183643343986,2.119375817726494,-4.238751635452989,0.1285183643343986
0.212,0.1200403595928398,2.119624417926774,-4.239248835853548,0.1200403595928398
0.214,0.1115613934446977,2.119856059356705,-4.23971211871341,0.1115613934446977
0.216,0.1030815337080705,2.120070739976897,-4.240141479953794,0.1030815337080705
0.218,0.09460084821480548,2.12026845787521,-4.240536915750419,0.09460084821480548
0.22,0.086119404810499,2.120449211266756,-4.240898422533512,0.086119404810499
0.222,0.07763727135449636,2.1206129984939,-4.2412259969878,0.07763727135449636
0.224,0.06915451571989184,2.120759818026258,-4.241519636052516,0.06915451571989184
0.226,0.06067120579352878,2.120889668460698,-4.241779336921397,0.06067120579352878
0.228,0.05218740947599952,2.121002548521341,-4.242005097042682,0.05218740947599952
0.23,0.04370319468164537,2.121098457059558,-4.242196914119116,0.04370319468164537
0.232,0.03521862933855673,2.121177393053973,-4.242354786107946,0.03521862933855673
0.234,0.0267337813885729,2.121239355610461,-4.242478711220921,0.0267337813885729
0.236,0.0182487187872824,2.12128434396215,-4.2425686879243,0.0182487187872824
0.238,0.009763509504022359,2.121312357469419,-4.242624714938839,0.009763509504022359
0.24,0.001278221521879273,2.121323395619901,-4.242646791239802,0.001278221521879273
0.242,-0.00720707816922755,2.12131746470043,-4.24263492940086,-0.00720707816922755
0.244,-0.01569232219246942,2.121294568652485,-4.242589137304971,-0.01569232219246942
0.246,-0.02417744141379798,2.121254699992345,-4.242509399984691,-0.02417744141379798
0.248,-0.03266236784564751,2.121197859051378,-4.242395718102756,-0.03266236784564751
0.25,-0.0411470334887175,2.121124046301551,-4.242248092603101,-0.0411470334887175
0.252,-0.04963137033197262,2.121033262355428,-4.242066524710856,-0.04963137033197262
0.254,-0.05811531035264279,2.120925507966176,-4.241851015932351,-0.05811531035264279
0.256,-0.06659878551622322,2.120800784027554,-4.241601568055108,-0.06659878551622322
0.258,-0.0750817277764743,2.120659091573925,-4.24131818314785,-0.0750817277764743
0.26,-0.0835640690754216,2.12050043178025,-4.241000863560499,-0.0835640690754216
0.262,-0.09204574134335602,2.120324805962084,-4.240649611924169,-0.09204574134335602
0.264,-0.1005266764988336,2.120132215575586,-4.240264431151171,-0.1005266764988336
0.266,-0.1090068064486756,2.119922662217508,-4.239845324435016,-0.1090068064486756
0.268,-0.1174860630879687,2.119696147625207,-4.239392295250413,-0.1174860630879687
0.27,-0.1259643783000645,2.119452673676631,-4.238905347353263,-0.1259643783000645
0.272,-0.13444168395658,2.119192242390333,-4.238384484780665,-0.13444168395658
0.274,-0.1429179119173974,2.11891485592546,-4.23782971185092,-0.1429179119173974
0.276,-0.1513929940306643,2.118620516581761,-4.237241033163523,-0.1513929940306643
0.278,-0.1598668621327932,2.118309226799581,-4.236618453599162,-0.1598668621327932
0.28,-0.168339448048462,2.117980989159864,-4.235961978319728,-0.168339448048462
0.282,-0.1768106835906136,2.117635806384152,-4.235271612768305,-0.1768106835906136
0.284,-0.1852805189065687,2.117273683740142,-4.234547367480284,-0.1852805189065687
0.286,-0.1937488738316837,2.116894622663142,-4.233789245326284,-0.1937488738316837
0.288,-0.2022156779427897,2.116498626007905,-4.232997252015809,-0.2022156779427897
0.29,-0.2106808633355803,2.116085697101595,-4.23217139420319,-0.2106808633355803
0.292,-0.2191443621047701,2.115655839413389,-4.231311678826778,-0.2191443621047701
0.294,-0.2276061063440946,2.115209056554468,-4.230418113108936,-0.2276061063440946
0.296,-0.2360660281463104,2.114745352278025,-4.22949070455605,-0.2360660281463104
0.298,-0.2445240596031945,2.114264730479261,-4.228529460958521,-0.2445240596031945
0.3,-0.2529801328055457,2.113767195195384,-4.227534390390769,-0.2529801328055457
0.302,-0.2614341798431828,2.113252750605615,-4.226505501211229,-0.2614341798431828
0.304,-0.2698861328049462,2.112721401031179,-4.225442802062357,-0.2698861328049462
0.306,-0.2783359237786969,2.112173150935311,-4.224346301870622,-0.2783359237786969
0.308,-0.2867834848513169,2.111608004923257,-4.223216009846514,-0.2867834848513169
0.31,-0.2952287481087093,2.11102596774227,-4.222051935484539,-0.2952287481087093
0.312,-0.3036716456357978,2.110427044281612,-4.220854088563224,-0.3036716456357978
0.314,-0.3121121095165272,2.109811239572553,-4.219622479145107,-0.3121121095165272
0.316,-0.3205500718338635,2.109178558788374,-4.218357117576748,-0.3205500718338635
0.318,-0.328985464669793,2.108529007244362,-4.217058014488725,-0.328985464669793
0.32,-0.3374182201053235,2.107862590397816,-4.215725180795632,-0.3374182201053235
0.322,-0.3458482702204834,2.10717931384804,-4.214358627696081,-0.3458482702204834
0.324,-0.3542755587357559,2.106479178449328,-4.212958356898655,-0.3542755587357559
0.326,-0.3627000378845732,2.105762181623871,-4.211524363247742,-0.3627000378845732
0.328,-0.3711216154074891,2.105028339613372,-4.210056679226744,-0.3711216154074891
0.33,-0.3795402239486293,2.104277658346722,-4.208555316693444,-0.3795402239486293
0.332,-0.387955796168535,2.10351014388752,-4.207020287775039,-0.387955796168535
0.334,-0.3963682647441634,2.102725802434069,-4.205451604868139,-0.3963682647441634
0.336,-0.4047775623688875,2.101924640319381,-4.203849280638762,-0.4047775623688875
0.338,-0.4131836217524957,2.101106664011173,-4.202213328022346,-0.4131836217524957
0.34,-0.4215863756211928,2.100271880111869,-4.200543760223738,-0.4215863756211928
0.342,-0.429985756717599,2.099420295358599,-4.198840590717198,-0.429985756717599
0.344,-0.4383816978007503,2.0985519166232,-4.197103833246399,-0.4383816978007503
0.346,-0.4467741316460989,2.097666750912214,-4.195333501824429,-0.4467741316460989
0.348,-0.4551629910455124,2.096764805366894,-4.193529610733789,-0.4551629910455124
0.35,-0.4635482088072744,2.095846087263193,-4.191692174526386,-0.4635482088072744
0.352,-0.4719297177560839,2.094910604011776,-4.189821208023552,-0.4719297177560839
0.354,-0.4803074507330564,2.093958363158011,-4.187916726316021,-0.4803074507330564
0.356,-0.4886813405957227,2.092989372381973,-4.185978744763945,-0.4886813405957227
0.358,-0.4970513202180294,2.092003639498445,-4.18400727899689,-0.4970513202180294
0.36,-0.5054173224903391,2.091001172456916,-4.182002344913831,-0.5054173224903391
0.362,-0.5137792803194302,2.08998197934158,-4.17996395868316,-0.5137792803194302
0.364,-0.5221371266284969,2.08894606837134,-4.177892136742679,-0.5221371266284969
0.366,-0.5304908032300544,2.087893443139638,-4.175786886279275,-0.5304908032300544
0.368,-0.5388402393661236,2.08682411412729,-4.173648228254581,-0.5388402393661236
0.37,-0.5471853651705724,2.085738091480166,-4.171476182960332,-0.5471853651705724
0.372,-0.555526113805622,2.084635383862983,-4.169270767725966,-0.555526113805622
0.374,-0.5638624184551496,2.08351600007236,-4.167032000144721,-0.5638624184551496
0.376,-0.5721942123246884,2.082379949036807,-4.164759898073614,-0.5721942123246884
0.378,-0.5805214286414272,2.08122723981673,-4.162454479633459,-0.5805214286414272
0.38,-0.5888440006542108,2.080057881604431,-4.160115763208862,-0.5888440006542108
0.382,-0.59716186163354,2.078871883724106,-4.157743767448213,-0.59716186163354
0.384,-0.6054749448715715,2.077669255631849,-4.155338511263698,-0.6054749448715715
0.386,-0.6137831836821172,2.076450006915646,-4.152900013831292,-0.6137831836821172
0.388,-0.6220865114006456,2.07521414729538,-4.15042829459076,-0.6220865114006456
0.39,-0.6303848613842807,2.07396168662283,-4.14792337324566,-0.6303848613842807
0.392,-0.6386781670118027,2.072692634881668,-4.145385269763335,-0.6386781670118027
0.394,-0.6469663616836471,2.071407002187463,-4.142814004374926,-0.6469663616836471
0.396,-0.6552493788219059,2.070104798787679,-4.140209597575358,-0.6552493788219059
0.398,-0.6635271518703262,2.068786035061674,-4.137572070123348,-0.6635271518703262
0.4,-0.6717996142943119,2.067450721520705,-4.13490144304141,-0.6717996142943119
0.402,-0.6800666995809219,2.066098868807918,-4.132197737615837,-0.6800666995809219
0.404,-0.6883283412388717,2.064730487698361,-4.129460975396722,-0.6883283412388717
0.406,-0.6965844762639661,2.063345588917442,-4.126691177834885,-0.6965844762639661
0.408,-0.7048350552021485,2.061944182613802,-4.123888365227604,-0.7048350552021485
0.41,-0.71307999532924,2.060526280811905,-4.12105256162381,-0.71307999532924
0.412,-0.7213192305594009,2.059091894797676,-4.118183789595353,-0.7213192305594009
0.414,-0.7295526948382527,2.057641035988423,-4.115282071976845,-0.7295526948382527
0.416,-0.7377803221428784,2.056173715932832,-4.112347431865665,-0.7377803221428784
0.418,-0.7460020464818223,2.054689946310975,-4.10937989262195,-0.7460020464818223
0.42,-0.7542178018950902,2.053189738934303,-4.106379477868606,-0.7542178018950902
0.422,-0.7624275224541492,2.051673105745648,-4.103346211491297,-0.7624275224541492
0.424,-0.7706311422619276,2.050140058819227,-4.100280117638454,-0.7706311422619276
0.426,-0.7788285954528149,2.048590610360636,-4.097181220721271,-0.7788285954528149
0.428,-0.7870198161926623,2.047024772706851,-4.094049545413702,-0.7870198161926623
0.43,-0.7952047386787822,2.045442558326234,-4.090885116652468,-0.7952047386787822
0.432,-0.8033832971399482,2.043843979818525,-4.087687959637051,-0.8033832971399482
0.434,-0.8115554258363951,2.042229049914848,-4.084458099829696,-0.8115554258363951
0.436,-0.8197210590598196,2.040597781477708,-4.081195562955417,-0.8197210590598196
0.438,-0.8278801311333794,2.03895018750099,-4.07790037500198,-0.8278801311333794
0.44,-0.8360325764116932,2.037286281109963,-4.074572562219926,-0.8360325764116932
0.442,-0.8441783292808416,2.035606075561276,-4.071212151122552,-0.8441783292808416
0.444,-0.8523173241583661,2.033909584242959,-4.067819168485919,-0.8523173241583661
0.446,-0.8604494954932701,2.032196820674427,-4.064393641348854,-0.8604494954932701
0.448,-0.8685747945149489,2.030467799924811,-4.060935599849622,-0.8685747945149489
0.45,-0.8766931552384156,2.028722535734207,-4.057445071468414,-0.8766931552384156
0.452,-0.8848045022920603,2.026961041176548,-4.053922082353096,-0.8848045022920603
0.454,-0.8929087708695675,2.025183330349179,-4.050366660698358,-0.8929087708695675
0.456,-0.9010058962287372,2.02338941748359,-4.04677883496718,-0.9010058962287372
0.458,-0.9090958136922299,2.021579316945481,-4.043158633890962,-0.9090958136922299
0.46,-0.917178458648315,2.019753043234826,-4.039506086469652,-0.917178458648315
0.462,-0.9252537665516163,2.017910610985937,-4.035821221971873,-0.9252537665516163
0.464,-0.9333216729238587,2.016052034967521,-4.032104069935041,-0.9333216729238587
0.466,-0.9413821133546157,2.014177330082753,-4.028354660165506,-0.9413821133546157
0.468,-0.9494350235020557,2.012286511369332,-4.024573022738664,-0.9494350235020557
0.47,-0.9574803390936881,2.010379593999546,-4.020759187999093,-0.9574803390936881
0.472,-0.9655179959271116,2.008456593280338,-4.016913186560675,-0.9655179959271116
0.474,-0.9735479298707589,2.006517524653362,-4.013035049306724,-0.9735479298707589
0.476,-0.981570076864645,2.004562403695058,-4.009124807390116,-0.981570076864645
0.478,-0.989584372921113,2.002591246116701,-4.005182492233401,-0.989584372921113
0.48,-0.9975907541255812,2.000604067764477,-4.001208135528954,-0.9975907541255812
0.482,-1.00558915663729,1.998600884619539,-3.997201769239077,-1.00558915663729
0.484,-1.013579516690047,1.996581712798071,-3.993163425596142,-1.013579516690047
0.486,-1.021561770592977,1.994546568551355,-3.98909313710271,-1.021561770592977
0.488,-1.029535854536231,1.9924954681979,-3.9849909363958,-1.029535854536231
0.49,-1.037501694966162,1.990428424771047,-3.980856849542094,-1.037501694966162
0.492,-1.045459236528083,1.988345457750876,-3.976690915501751,-1.045459236528083
0.494,-1.053408415629114,1.986246583856284,-3.972493167712568,-1.053408415629114
0.496,-1.061349168744113,1.984131819937643,-3.968263639875286,-1.061349168744113
0.498,-1.069281432416164,1.982001182976769,-3.964002365953537,-1.069281432416164
0.5,-1.077205143257061,1.979854690086893,-3.959709380173786,-1.077205143257061
0.502,-1.085120237947793,1.977692358512638,-3.955384717025276,-1.085120237947793
0.504,-1.093026653239025,1.975514205629985,-3.95102841125997,-1.093026653239025
0.506,-1.10092432595159,1.97332024894625,-3.946640497892499,-1.10092432595159
0.508,-1.108813192976967,1.971110506100051,-3.942221012200103,-1.108813192976967
0.51,-1.116693191277768,1.968884994861286,-3.937769989722572,-1.116693191277768
0.512,-1.124564257888224,1.966643733131099,-3.933287466262198,-1.124564257888224
0.514,-1.132426329914667,1.964386738941855,-3.92877347788371,-1.132426329914667
0.516,-1.140279344536018,1.962114030457114,-3.924228060914229,-1.140279344536018
0.518,-1.14812323900427,1.959825625971598,-3.919651251943196,-1.14812323900427
0.52,-1.155957950644972,1.957521543911166,-3.915043087822331,-1.155957950644972
0.522,-1.163783416857712,1.955201802832786,-3.910403605665571,-1.163783416857712
0.524,-1.171599575116608,1.952866421424506,-3.905732842849012,-1.171599575116608
0.526,-1.179406362970787,1.950515418505429,-3.901030837010857,-1.179406362970787
0.528,-1.187203718044871,1.948148813025678,-3.896297626051357,-1.187203718044871
0.53,-1.194991574871249,1.945766621064065,-3.89153324212813,-1.194991574871249
0.532,-1.202769869487587,1.943368860184358,-3.886737720368716,-1.202769869487587
0.534,-1.210538543085463,1.940955552892384,-3.881911105784767,-1.210538543085463
0.536,-1.218297533442083,1.938526718515916,-3.877053437031832,-1.218297533442083
0.538,-1.226046778404398,1.936082376505867,-3.872164753011734,-1.226046778404398
0.54,-1.233786215889401,1.933622546436086,-3.867245092872173,-1.233786215889401
0.542,-1.24151578388443,1.93114724800315,-3.862294496006299,-1.24151578388443
0.544,-1.249235420447456,1.928656501026156,-3.857313002052312,-1.249235420447456
0.546,-1.256945063707391,1.926150325446524,-3.852300650893047,-1.256945063707391
0.548,-1.264644651864376,1.92362874132778,-3.847257482655559,-1.264644651864376
0.55,-1.272334123190084,1.921091768855359,-3.842183537710718,-1.272334123190084
0.552,-1.280013416028011,1.918539428336396,-3.837078856672791,-1.280013416028011
0.554,-1.287682468793784,1.91597174019952,-3.831943480399039,-1.287682468793784
0.556,-1.295341219975446,1.913388724994648,-3.826777449989295,-1.295341219975446
0.5580000000000001,-1.302989608133761,1.910790403392781,-3.821580806785563,-1.302989608133761
0.5600000000000001,-1.310627571902508,1.9081767961858,-3.816353592371599,-1.310627571902508
0.5620000000000001,-1.318255049988779,1.905547924286252,-3.811095848572505,-1.318255049988779
0.5639999999999999,-1.325871981173279,1.902903808727156,-3.805807617454313,-1.325871981173279
0.5659999999999999,-1.333478304310618,1.900244470661788,-3.800488941323576,-1.333478304310618
0.5679999999999999,-1.341073958329611,1.897569931363479,-3.795139862726958,-1.341073958329611
0.57,-1.348658882233575,1.89488021222541,-3.789760424450821,-1.348658882233575
0.572,-1.356233021391032,1.892175332937276,-3.784350665874552,-1.356233021391032
0.574,-1.363796310877622,1.889455316313129,-3.778910632626258,-1.363796310877622
0.576,-1.37134868930152,1.886720184284281,-3.773440368568562,-1.37134868930152
0.578,-1.378890096120615,1.883969958676737,-3.767939917353474,-1.378890096120615
0.58,-1.386420470876817,1.881204661432996,-3.762409322865992,-1.386420470876817
0.582,-1.39393975319654,1.878424314611786,-3.756848629223573,-1.39393975319654
0.584,-1.401447882791184,1.875628940387814,-3.751257880775628,-1.401447882791184
0.586,-1.408944799457609,1.8728185610515,-3.745637122103,-1.408944799457609
0.588,-1.416430443078621,1.869993199008722,-3.739986398017443,-1.416430443078621
0.59,-1.423904753623445,1.867152876780556,-3.734305753561111,-1.423904753623445
0.592,-1.431367671148211,1.864297617003019,-3.728595234006038,-1.431367671148211
0.594,-1.438819135796432,1.86142744242681,-3.72285488485362,-1.438819135796432
0.596,-1.446259087799481,1.85854237591705,-3.7170847518341,-1.446259087799481
0.598,-1.453687467477073,1.855642440453024,-3.711284880906049,-1.453687467477073
0.6,-1.461104215237746,1.852727659127924,-3.705455318255848,-1.461104215237746
0.602,-1.468509271579337,1.849798055148588,-3.699596110297175,-1.468509271579337
0.604,-1.475902577089467,1.846853651835242,-3.693707303670485,-1.475902577089467
0.606,-1.483284072446015,1.843894472621244,-3.687788945242488,-1.483284072446015
0.608,-1.490653698417603,1.840920541052822,-3.681841082105644,-1.490653698417603
0.61,-1.49801139586407,1.837931880788817,-3.675863761577634,-1.49801139586407
0.612,-1.505357108880324,1.834928517160305,-3.669857034320609,-1.505357108880324
0.614,-1.51269078368067,1.831910476616454,-3.663820953232907,-1.51269078368067
0.616,-1.520012355343234,1.828877780146011,-3.657755560292023,-1.520012355343234
0.618,-1.52732176532049,1.825830451966324,-3.651660903932649,-1.52732176532049
0.62,-1.534618955170392,1.822768516411944,-3.645537032823889,-1.534618955170392
0.622,-1.541903866557128,1.819691997934506,-3.639383995869011,-1.541903866557128
0.624,-1.549176441251869,1.816600921102602,-3.633201842205205,-1.549176441251869
0.626,-1.556436621133527,1.813495310601665,-3.62699062120333,-1.556436621133527
0.628,-1.563684348189506,1.810375191233839,-3.620750382467678,-1.563684348189506
0.63,-1.570919564516451,1.807240587917857,-3.614481175835714,-1.570919564516451
0.632,-1.578142212321006,1.804091525688921,-3.608183051377842,-1.578142212321006
0.634,-1.585352233920564,1.800928029698577,-3.601856059397154,-1.585352233920564
0.636,-1.592549571744021,1.797750125214591,-3.595500250429181,-1.592549571744021
0.638,-1.599734168332527,1.794557837620826,-3.589115675241653,-1.599734168332527
0.64,-1.606905966340239,1.791351192417123,-3.582702384834246,-1.606905966340239
0.642,-1.614064908535076,1.78813021521917,-3.576260430438341,-1.614064908535076
0.644,-1.621210937799471,1.784894931758387,-3.569789863516774,-1.621210937799471
0.646,-1.628343997131121,1.781645367881797,-3.563290735763594,-1.628343997131121
0.648,-1.635464029643741,1.778381549551906,-3.556763099103812,-1.635464029643741
0.65,-1.642570978567821,1.77510350284658,-3.55020700569316,-1.642570978567821
0.652,-1.649664787251371,1.771811253958918,-3.543622507917836,-1.649664787251371
0.654,-1.65674539583304,1.768504831742746,-3.537009663485493,-1.65674539583304
0.656,-1.663812749270094,1.765184261571741,-3.530368523143482,-1.663812749270094
0.658,-1.670866792222077,1.761849569253834,-3.523699138507669,-1.670866792222077
0.66,-1.677907468417481,1.758500781516152,-3.517001563032304,-1.677907468417481
0.662,-1.684934721700981,1.755137925204346,-3.510275850408692,-1.684934721700981
0.664,-1.691948496034075,1.751761027282559,-3.503522054565119,-1.691948496034075
0.666,-1.698948735495717,1.748370114833388,-3.496740229666777,-1.698948735495717
0.668,-1.705935384282955,1.744965215057854,-3.489930430115707,-1.705935384282955
0.67,-1.71290838671157,1.741546355275361,-3.483092710550722,-1.71290838671157
0.672,-1.719867687216706,1.738113562923671,-3.476227125847342,-1.719867687216706
0.674,-1.726813230353513,1.734666865558863,-3.469333731117726,-1.726813230353513
0.676,-1.733744960797779,1.731206290855301,-3.462412581710602,-1.733744960797779
0.678,-1.74066282334657,1.727731866605602,-3.455463733211203,-1.74066282334657
0.68,-1.747566762918862,1.724243620720596,-3.448487241441192,-1.747566762918862
0.6820000000000001,-1.754456724556184,1.720741581229299,-3.441483162458598,-1.754456724556184
0.6840000000000001,-1.761332653423245,1.717225776278873,-3.434451552557746,-1.761332653423245
0.6860000000000001,-1.768194494808582,1.713696234134596,-3.427392468269192,-1.768194494808582
0.6879999999999999,-1.775042194125186,1.710152983179825,-3.42030596635965,-1.775042194125186
0.6899999999999999,-1.781875696911144,1.706596051915963,-3.413192103831925,-1.781875696911144
0.6919999999999999,-1.788694948830275,1.703025468962425,-3.40605093792485,-1.788694948830275
0.694,-1.795499893101878,1.699441262110751,-3.398882524221501,-1.795499893101878
0.696,-1.80229046403951,1.695843455947195,-3.39168691189439,-1.80229046403951
0.698,-1.80906661852311,1.692232083431336,-3.384464166862672,-1.80906661852311
0.7,-1.815828302393693,1.688607173532116,-3.377214347064232,-1.815828302393693
0.702,-1.822575461603447,1.684968755329788,-3.369937510659575,-1.822575461603447
0.704,-1.829308042215963,1.681316858015736,-3.362633716031473,-1.829308042215963
0.706,-1.836025990406454,1.67765151089229,-3.35530302178458,-1.836025990406454
0.708,-1.842729252461991,1.673972743372536,-3.347945486745071,-1.842729252461991
0.71,-1.849417774781721,1.670280584980137,-3.340561169960273,-1.849417774781721
0.712,-1.856091503877101,1.666575065349143,-3.333150130698286,-1.856091503877101
0.714,-1.862750386372121,1.662856214223813,-3.325712428447626,-1.862750386372121
0.716,-1.869394369003532,1.659124061458424,-3.318248122916847,-1.869394369003532
0.718,-1.876023398621072,1.655378637017086,-3.310757274034173,-1.876023398621072
0.72,-1.882637422187694,1.651619970973564,-3.303239941947127,-1.882637422187694
0.722,-1.889236386779793,1.647848093511083,-3.295696187022167,-1.889236386779793
0.724,-1.89582023958743,1.644063034922153,-3.288126069844307,-1.89582023958743
0.726,-1.902388927914564,1.640264825608378,-3.280529651216757,-1.902388927914564
0.728,-1.908942399179273,1.636453496080273,-3.272906992160546,-1.908942399179273
0.73,-1.915480600913986,1.632629076957078,-3.265258153914157,-1.915480600913986
0.732,-1.922003480765705,1.628791598966577,-3.257583197933153,-1.922003480765705
0.734,-1.928510986496238,1.624941092944907,-3.249882185889813,-1.928510986496238
0.736,-1.935003063924401,1.621077585131051,-3.242155170262102,-1.935003063924401
0.738,-1.941479661181011,1.617201106894478,-3.234402213788956,-1.941479661181011
0.74,-1.947940727530002,1.613311692039121,-3.226623384078241,-1.947940727530002
0.742,-1.954386211120194,1.609409371662444,-3.218818743324888,-1.954386211120194
0.744,-1.960816060212414,1.605494176960363,-3.210988353920725,-1.960816060212414
0.746,-1.967230223179637,1.601566139226854,-3.203132278453708,-1.967230223179637
0.748,-1.973628648507118,1.597625289853567,-3.195250579707134,-1.973628648507118
0.75,-1.980011284792535,1.593671660329431,-3.187343320658862,-1.980011284792535
0.752,-1.98637808074612,1.589705282240268,-3.179410564480536,-1.98637808074612
0.754,-1.992728985190802,1.5857261872684,-3.171452374536799,-1.992728985190802
0.756,-1.999063947062338,1.581734407192259,-3.163468814384518,-1.999063947062338
0.758,-2.005382915409456,1.577729973886,-3.155459947772,-2.005382915409456
0.76,-2.011685839393987,1.573712919319106,-3.147425838638212,-2.011685839393987
0.762,-2.017972668291005,1.569683275556002,-3.139366551112005,-2.017972668291005
0.764,-2.024243351488964,1.565641074755664,-3.131282149511327,-2.024243351488964
0.766,-2.030497838489832,1.561586349171225,-3.12317269834245,-2.030497838489832
0.768,-2.036736078909233,1.55751913114959,-3.115038262299181,-2.036736078909233
0.77,-2.04295802247658,1.553439453131045,-3.10687890626209,-2.04295802247658
0.772,-2.049163619035214,1.549347347648863,-3.098694695297726,-2.049163619035214
0.774,-2.05535281854254,1.545242847328917,-3.090485694657835,-2.05535281854254
0.776,-2.061525571559414,1.541125984952628,-3.082251969905255,-2.061525571559414
0.778,-2.067681843778206,1.536996795337293,-3.073993590674585,-2.067681843778206
0.78,-2.073821572834463,1.532855309744702,-3.065710619489404,-2.073821572834463
0.782,-2.079944709476499,1.52870156121037,-3.05740312242074,-2.079944709476499
0.784,-2.08605120458526,1.524535582862775,-3.049071165725549,-2.08605120458526
0.786,-2.09214100917487,1.520357407923021,-3.040714815846042,-2.09214100917487
0.788,-2.098214074393182,1.516167069704503,-3.032334139409007,-2.098214074393182
0.79,-2.104270351522331,1.511964601612571,-3.023929203225141,-2.104270351522331
0.792,-2.110309791979286,1.507750037144187,-3.015500074288373,-2.110309791979286
0.794,-2.116332347316397,1.503523409887598,-3.007046819775196,-2.116332347316397
0.796,-2.122337969221954,1.499284753521992,-2.998569507043985,-2.122337969221954
0.798,-2.128326609520725,1.495034101817168,-2.990068203634336,-2.128326609520725
0.8,-2.134298220174524,1.49077148863319,-2.98154297726638,-2.134298220174524
0.802,-2.140252753282749,1.486496947920062,-2.972993895840123,-2.140252753282749
0.804,-2.146190161082936,1.48221051371738,-2.964421027434761,-2.146190161082936
0.806,-2.152110395951316,1.477912220154007,-2.955824440308014,-2.152110395951316
0.8080000000000001,-2.158013410403357,1.473602101447725,-2.94720420289545,-2.158013410403357
0.8100000000000001,-2.163899157094326,1.469280191904908,-2.938560383809815,-2.163899157094326
0.8120000000000001,-2.169767588819829,1.464946525920178,-2.929893051840356,-2.169767588819829
0.8139999999999999,-2.175618658516369,1.460601137976076,-2.921202275952151,-2.175618658516369
0.8159999999999999,-2.181452319261898,1.456244062642717,-2.912488125285434,-2.181452319261898
0.8179999999999999,-2.187268529129004,1.45187533871186,-2.90375067742372,-2.187268529129004
0.82,-2.193067243832634,1.447495002932032,-2.894990005864065,-2.193067243832634
0.822,-2.198848412014939,1.443103085990462,-2.886206171980923,-2.198848412014939
0.824,-2.204611987555096,1.43869962300011,-2.87739924600022,-2.204611987555096
0.826,-2.210357924488662,1.43428464917021,-2.868569298340419,-2.210357924488662
0.828,-2.216086177008405,1.429858199806167,-2.859716399612335,-2.216086177008405
0.83,-2.221796699465134,1.425420310309462,-2.850840620618925,-2.221796699465134
0.832,-2.227489446368529,1.420971016177548,-2.841942032355096,-2.227489446368529
0.834,-2.233164372387973,1.416510353003756,-2.833020706007512,-2.233164372387973
0.836,-2.238821432353381,1.412038356477195,-2.82407671295439,-2.238821432353381
0.838,-2.244460581256031,1.407555062382653,-2.815110124765306,-2.244460581256031
0.84,-2.250081774249392,1.4030605066005,-2.806121013200999,-2.250081774249392
0.842,-2.255684966649961,1.398554725106585,-2.79710945021317,-2.255684966649961
0.844,-2.261270113938086,1.394037753972145,-2.788075507944289,-2.261270113938086
0.846,-2.266837171758801,1.389509629363697,-2.779019258727395,-2.266837171758801
0.848,-2.272386095922654,1.38497038754295,-2.7699407750859,-2.272386095922654
0.85,-2.277916842406539,1.380420064866696,-2.760840129733392,-2.277916842406539
0.852,-2.283429367354528,1.375858697786719,-2.751717395573437,-2.283429367354528
0.854,-2.288923627078695,1.371286322849691,-2.742572645699382,-2.288923627078695
0.856,-2.294399578059956,1.366702976697078,-2.733405953394155,-2.294399578059956
0.858,-2.29985717694889,1.362108696065039,-2.724217392130079,-2.29985717694889
0.86,-2.305296366998909,1.357503518356871,-2.715007036713742,-2.305296366998909
0.862,-2.310717114228882,1.352887480116915,-2.70577496023383,-2.310717114228882
0.864,-2.31611937695681,1.348260618316145,-2.69652123663229,-2.31611937695681
0.866,-2.321503112193661,1.343622970082289,-2.687245940164579,-2.321503112193661
0.868,-2.32686827710714,1.338974572637996,-2.677949145275993,-2.32686827710714
0.87,-2.332214829022132,1.334315463300756,-2.668630926601512,-2.332214829022132
0.872,-2.337542725421149,1.329645679482813,-2.659291358965625,-2.337542725421149
0.874,-2.342851923944767,1.324965258691086,-2.649930517382172,-2.342851923944767
0.876,-2.348142382392068,1.320274238527088,-2.640548477054176,-2.348142382392068
0.878,-2.353414058721092,1.315572656686842,-2.631145313373683,-2.353414058721092
0.88,-2.358666911049265,1.310860550960795,-2.621721101921591,-2.358666911049265
0.882,-2.363900897653855,1.306137959233746,-2.612275918467492,-2.363900897653855
0.884,-2.369115976972406,1.301404919484752,-2.602809838969504,-2.369115976972406
0.886,-2.374312107603185,1.296661469787054,-2.593322939574108,-2.374312107603185
0.888,-2.379489248305621,1.291907648307991,-2.583815296615982,-2.379489248305621
0.89,-2.384647358000751,1.287143493308919,-2.574286986617838,-2.384647358000751
0.892,-2.389786395771659,1.282369043145128,-2.564738086290256,-2.389786395771659
0.894,-2.394906320863924,1.277584336265762,-2.555168672531523,-2.394906320863924
0.896,-2.400007092686055,1.272789411213732,-2.545578822427463,-2.400007092686055
0.898,-2.40508867080994,1.267984306625639,-2.535968613251278,-2.40508867080994
0.9,-2.410151008284363,1.263169057597247,-2.526338115194494,-2.410151008284363
0.902,-2.415194054898857,1.258343697457114,-2.516687394914227,-2.415194054898857
0.904,-2.420217782897021,1.253508271741838,-2.507016543483676,-2.420217782897021
0.906,-2.425222152052431,1.248662819213975,-2.49732563842795,-2.425222152052431
0.908,-2.430207122279986,1.243807378716166,-2.487614757432333,-2.430207122279986
0.91,-2.435172653635794,1.238941989170758,-2.477883978341517,-2.435172653635794
0.912,-2.440118706317059,1.234066689579415,-2.468133379158829,-2.440118706317059
0.914,-2.445045240661963,1.229181519022731,-2.458363038045461,-2.445045240661963
0.916,-2.449952217149549,1.22428651665985,-2.448573033319699,-2.449952217149549
0.918,-2.454839596399608,1.219381721728073,-2.438763443456147,-2.454839596399608
0.92,-2.459707339172563,1.214467173542481,-2.428934347084962,-2.459707339172563
0.922,-2.464555406369351,1.209542911495539,-2.419085822991078,-2.464555406369351
0.924,-2.46938375903131,1.20460897505672,-2.409217950113439,-2.46938375903131
0.926,-2.474192358340062,1.199665403772112,-2.399330807544225,-2.474192358340062
0.928,-2.478981165617395,1.194712237264039,-2.389424474528079,-2.478981165617395
0.93,-2.483750142325153,1.189749515230669,-2.379499030461339,-2.483750142325153
0.9320000000000001,-2.488499250065114,1.184777277445633,-2.369554554891266,-2.488499250065114
0.9340000000000001,-2.493228450578878,1.179795563757636,-2.359591127515273,-2.493228450578878
0.9360000000000001,-2.497937705747752,1.174804414090075,-2.349608828180149,-2.497937705747752
0.9379999999999999,-2.50262697759263,1.169803868440649,-2.339607736881298,-2.50262697759263
0.9399999999999999,-2.507296228273881,1.164793966880977,-2.329587933761954,-2.507296228273881
0.9419999999999999,-2.511945424391362,1.1597747441404,-2.319549488280799,-2.511945424391362
0.944,-2.516574526507901,1.154746242800131,-2.309492485600261,-2.516574526507901
0.946,-2.52118349605057,1.14970850460089,-2.29941700920178,-2.52118349605057
0.948,-2.525772295859922,1.144661569750643,-2.289323139501287,-2.525772295859922
0.95,-2.530340888921885,1.139605478521182,-2.279210957042364,-2.530340888921885
0.952,-2.534889238367798,1.134540271247552,-2.269080542495104,-2.534889238367798
0.954,-2.53941730747444,1.129465988327483,-2.258931976654966,-2.53941730747444
0.956,-2.543925059664067,1.124382670220814,-2.248765340441627,-2.543925059664067
0.958,-2.54841245850444,1.119290357448924,-2.238580714897848,-2.54841245850444
0.96,-2.552879467708853,1.11418909059416,-2.228378181188321,-2.552879467708853
0.962,-2.557326051136176,1.109078910299267,-2.218157820598534,-2.557326051136176
0.964,-2.561752172790877,1.10395985726681,-2.20791971453362,-2.561752172790877
0.966,-2.566157796823058,1.098831972258611,-2.197663944517222,-2.566157796823058
0.968,-2.570542887528486,1.09369529609517,-2.187390592190341,-2.570542887528486
0.97,-2.574907409348627,1.0885498696551,-2.177099739310199,-2.574907409348627
0.972,-2.579251326870675,1.083395733874547,-2.166791467749094,-2.579251326870675
0.974,-2.583574604827586,1.078232929746628,-2.156465859493256,-2.583574604827586
0.976,-2.587877208098109,1.073061498320852,-2.146122996641704,-2.587877208098109
0.978,-2.59215910170682,1.067881480702551,-2.135762961405101,-2.59215910170682
0.98,-2.59642025082415,1.062692918052308,-2.125385836104617,-2.59642025082415
0.982,-2.600660625439703,1.057495853266533,-2.114991706533066,-2.600660625439703
0.984,-2.604880210135299,1.052290334492586,-2.104580668985172,-2.604880210135299
0.986,-2.609078952396665,1.047076396534079,-2.094152793068158,-2.609078952396665
0.988,-2.61325681854158,1.041854080969631,-2.083708161939263,-2.61325681854158
0.99,-2.617413775063933,1.03662342944108,-2.07324685888216,-2.617413775063933
0.992,-2.621549788634459,1.031384483653161,-2.062768967306323,-2.621549788634459
0.994,-2.625664826101458,1.026137285373188,-2.052274570746375,-2.625664826101458
0.996,-2.629758854491525,1.020881876430726,-2.041763752861452,-2.629758854491525
0.998,-2.633831841010273,1.015618298717276,-2.031236597434552,-2.633831841010273
1,-2.637883753043066,1.010346594185949,-2.020693188371899,-2.637883753043066
1,-2.637883753043066,1.010346594185949,-2.020693188371899,-2.637883753043066
